{
    "Name": "DDOS",
    "Description": "Remote disruption of the network",
    "Sprite": {
        "FilePath": "units/ddos.png",
        "PixelsPerUnit": 64,
        "Framerate": 3,
        "Repeats": true
    },
    "Tags": [
        "Unit"
    ],
    "EntityAbility": {
        "AbilityPoints": 1
    },
    "Movement": {
        "Movement": 3,
        "EntityCost": {},
        "AbilityConfig": {
            "PointCost": 1,
            "UsesPerTurn": 1
        }
    },
    "Attack": {
        "RangeAttacks": [
            {
                "Name": "Flood",
                "MinRange": 3,
                "MaxRange": 5,
                "Detail": {
                    "CanMoveAndAttack": false,
                    "BasePower": 0.9,
                    "Selector": {
                        "AllowTags": [
                            "Unit"
                        ]
                    },
                    "TagPowerModifier": {},
                    "AbilityConfig": {
                        "PointCost": 1,
                        "EndsTurn": true
                    }
                }
            }
        ]
    },
    "Defence": {
        "CanUseDefence": true
    },
    "Purchase": {
        "Costs": [40],
        "CanBePurchased": true
    }
}