{
    "Name": "Virus",
    "Description": "Modifies other programs to take them down",
    "Sprite": {
        "FilePath": "units/virus.png",
        "PixelsPerUnit": 64,
        "Framerate": 3,
        "Repeats": true
    },
    "Tags": [
        "Unit"
    ],
    "EntityAbility": {
        "AbilityPoints": 2
    },
    "Movement": {
        "Movement": 3,
        "EntityCost": {},
        "AbilityConfig": {
            "PointCost": 1,
            "UsesPerTurn": 1
        }
    },
    "Attack": {
        "DirectAttacks": [
            {
                "Name": "Modify",
                "Detail": {
                    "CanMoveAndAttack": true,
                    "BasePower": 0.5,
                    "Selector": {
                        "AllowTags": [
                            "Unit"
                        ]
                    },
                    "TagPowerModifier": {},
                    "AbilityConfig": {
                        "PointCost": 1,
                        "EndsTurn": true
                    }
                }
            }
        ],
        "RangeAttacks": [
            {
                "Name": "Corrrupt",
                "MinRange": 1,
                "MaxRange": 2,
                "Detail": {
                    "CanMoveAndAttack": false,
                    "BasePower": 0.6,
                    "Selector": {
                        "AllowTags": [
                            "Unit"
                        ]
                    },
                    "TagPowerModifier": {},
                    "AbilityConfig": {
                        "PointCost": 1,
                        "EndsTurn": true
                    }
                }
            }
        ]
    },
    "Defence": {
        "CanUseDefence": true
    },
    "Purchase": {
        "Costs": [20],
        "CanBePurchased": true
    }
}