{
    "Name": "Worker",
    "Description": "Creates connections",
    "Sprite": {
        "FilePath": "units/worker.png",
        "PixelsPerUnit": 64,
        "Framerate": 1,
        "Repeats": true
    },
    "Tags": [
        "Unit"
    ],
    "EntityAbility": {
        "AbilityPoints": 2
    },
    "Movement": {
        "Movement": 2,
        "EntityCost": {},
        "AbilityConfig": {
            "PointCost": 1,
            "UsesPerTurn": 1
        }
    },
    "Defence": {
        "CanUseDefence": true
    },
    "Capture": {
        "CapturePoints": 100,
        "AbilityConfig": {
            "PointCost": 1,
            "EndsTurn": false
        }
    },
    "Attack": {
        "DirectAttacks": [
            {
                "Name": "Disrupt",
                "Detail": {
                    "CanMoveAndAttack": true,
                    "BasePower": 0.5,
                    "Selector": {
                        "AllowType": [
                            "Worker"
                        ]
                    },
                    "TagPowerModifier": {},
                    "AbilityConfig": {
                        "PointCost": 1
                    }
                }
            }
        ]
    },
    "Purchase": {
        "Costs": [6],
        "CanBePurchased": true
    }
}