{
    "Name": "Worm",
    "Description": "Quickly spreads through the network",
    "Sprite": {
        "FilePath": "units/worm.png",
        "PixelsPerUnit": 64,
        "Framerate": 3,
        "Repeats": true
    },
    "Tags": [
        "Unit"
    ],
    "EntityAbility": {
        "AbilityPoints": 2
    },
    "Movement": {
        "Movement": 5,
        "EntityCost": {},
        "AbilityConfig": {
            "PointCost": 1
        },
        "PassesEnemies": true
    },
    "Attack": {
        "DirectAttacks": [
            {
                "Name": "Infect",
                "Detail": {
                    "CanMoveAndAttack": true,
                    "BasePower": 0.3,
                    "Selector": {
                        "AllowTags": [
                            "Unit"
                        ]
                    },
                    "TagPowerModifier": {},
                    "AbilityConfig": {
                        "PointCost": 3
                    }
                }
            }
        ]
    },
    "Defence": {
        "CanUseDefence": true
    },
    "Purchase": {
        "Costs": [15],
        "CanBePurchased": true
    }
}