{
    "Name": "Compute",
    "Description": "High resource availability",
    "Sprite": {
        "FilePath": "terrain/compute.png",
        "PixelsPerUnit": 64,
        "Framerate": 3,
        "Repeats": true
    },
    "Tags": [
        "Terrain"
    ],
    "Network": {
        "CanNetwork": true,
        "RequireNetwork": true
    },
    "Defence": {
        "DefenceIndicator": "LOW",
        "SpecificDefence": [
            {
                "Selector": {
                    "AllowTags": [
                        "Unit"
                    ]
                },
                "Defence": 0.1,
                "ApplyToEnemies": true
            }
        ]
    },
    "Money": {
        "UsesNetwork": true,
        "Income": [5]
    },
    "Capture": {
        "PointsToCapture": 100
    }
}