{
    "Name": "Connector",
    "Description": "Base network",
    "Sprite": {
        "FilePath": "terrain/connector.png",
        "PixelsPerUnit": 64,
        "Framerate": 1,
        "Repeats": true
    },
    "Selectable": false,
    "Tags": [
        "Terrain"
    ],
    "Defence": {
        "DefenceIndicator": "NONE",
        "SpecificDefence": [
            {
                "Selector": {
                    "AllowTags": [
                        "Unit"
                    ]
                },
                "Defence": 0.05,
                "ApplyToEnemies": true
            }
        ]
    },
    "Network": {
        "CanNetwork": true,
        "RequireNetwork": true
    },
    "Movement": {
        "OthersTagCost": {
            "Unit": 0
        }
    },
    "Money": {
        "UsesNetwork": true,
        "Income": [1]
    },
    "Capture": {
        "PointsToCapture": 100
    }
}