{
    "Name": "Encryption",
    "Description": "Secures all data",
    "Sprite": {
        "FilePath": "terrain/encryption.png",
        "PixelsPerUnit": 64,
        "Framerate": 3,
        "Repeats": true
    },
    "Tags": [
        "Terrain"
    ],
    "EntityAbility": {
        "AbilityPoints": 0
    },
    "Network": {
        "CanNetwork": true,
        "RequireNetwork": true
    },
    "Defence": {
        "DefenceIndicator": "MEDIUM",
        "SpecificDefence": [
            {
                "Selector": {
                    "AllowTags": [
                        "Unit"
                    ]
                },
                "Defence": 0.3,
                "ApplyToEnemies": false
            }
        ]
    },
    "Money": {
        "UsesNetwork": true,
        "Income": [0]
    },
    "Capture": {
        "PointsToCapture": 100
    },
    "Movement": {
        "OthersTagCost": {
            "Unit": 1
        }
    },
    "Attack": {
        "RangeAttacks": [
            {
                "Name": "Scramble",
                "MinRange": 2,
                "MaxRange": 6,
                "Detail": {
                    "CanMoveAndAttack": false,
                    "BasePower": 0.5,
                    "Selector": {
                        "AllowTags": [
                            "Unit"
                        ]
                    },
                    "TagPowerModifier": {},
                    "AbilityConfig": {
                        "PointCost": 1,
                        "EndsTurn": true
                    }
                }
            }
        ]
    }
}