{
    "Name": "Generator",
    "Description": "Generates programs",
    "Sprite": {
        "FilePath": "terrain/generator.png",
        "PixelsPerUnit": 64,
        "Framerate": 3,
        "Repeats": true
    },
    "Tags": [
        "Terrain"
    ],
    "EntityAbility": {
        "AbilityPoints": 1
    },
    "Network": {
        "CanNetwork": true,
        "RequireNetwork": true
    },
    "Purchase": {
        "Selector": {
            "AllowTags": [
                "Unit"
            ],
            "DisallowTags": [],
            "AllowEntities": [],
            "DisallowEntities": []
        },
        "AbilityConfig": {
            "PointCost": 1,
            "EndsTurn": true
        },
        "EntitiesProducedHaveActions": false
    },
    "Defence": {
        "DefenceIndicator": "LOW",
        "SpecificDefence": [
            {
                "Selector": {
                    "AllowTags": [
                        "Unit"
                    ]
                },
                "Defence": 0.2,
                "ApplyToEnemies": true
            }
        ]
    },
    "Money": {
        "UsesNetwork": true,
        "Income": [0]
    },
    "Capture": {
        "PointsToCapture": 100
    },
    "Movement": {
        "OthersEntityCost": {},
        "OthersTagCost": {}
    }
}