{
    "Name": "Origin",
    "Description": "Main Teams Base",
    "Sprite": {
        "FilePath": "terrain/origin.png",
        "PixelsPerUnit": 64,
        "Framerate": 1,
        "Repeats": true
    },
    "Tags": [
        "Terrain"
    ],
    "Network": {
        "CanNetwork": true,
        "RequireNetwork": true
    },
    "Defence": {
        "DefenceIndicator": "HIGH",
        "SpecificDefence": [
            {
                "Selector": {
                    "AllowTags": [
                        "Unit"
                    ]
                },
                "Defence": 0.5,
                "ApplyToEnemies": false
            }
        ]
    },
    "Purchase": {
        "Selector": {
            "AllowTags": [
                "Unit"
            ],
            "DisallowTags": [],
            "AllowEntities": [],
            "DisallowEntities": []
        },
        "AbilityConfig": {
            "PointCost": 1,
            "EndsTurn": true
        },
        "EntitiesProducedHaveActions": false
    },
    "Money": {
        "UsesNetwork": true,
        "Income": [3]
    },
    "Capture": {
        "PointsToCapture": 200
    }
}