{
    "Name": "Void",
    "Description": "Where electronics never go",
    "Sprite": {
        "FilePath": "terrain/void.png",
        "PixelsPerUnit": 64,
        "Framerate": 1,
        "Repeats": true
    },
    "Tags": [
        "Terrain"
    ],
    "Defence": {
        "DefenceIndicator": "NONE",
        "SpecificDefence": [
            {
                "Selector": {
                    "AllowTags": [
                        "Unit"
                    ]
                },
                "Defence": 0.0,
                "ApplyToEnemies": true
            }
        ]
    },
    "Movement": {
        "OthersTagCost": {
            "Unit": 999
        }
    }
}