{
    "Version": 1,
    "ImportedDefaults": true,
    "Width": 15,
    "Height": 10,
    "CursorStartingX": 9,
    "CursorStartingY": 3,
    "CameraStartingX": 0,
    "CameraStartingY": 0,
    "TeamsConfig": {
      "NumberOfTeams": 2,
      "StartingTeam": "TEAM_1",
      "TurnNumber": 1,
      "ActiveTeams": [
        "TEAM_1",
        "TEAM_2"
      ],
      "TeamConfig": [
        {
          "TeamId": "TEAM_1",
          "TeamEntity": "PLAYER"
        },
        {
          "TeamId": "TEAM_2",
          "TeamEntity": "AI_DEFAULT"
        }
      ]
    },
    "EntityConfig": [
      {
        "Id": 1,
        "Position": {
          "X": 0,
          "Y": 0
        },
        "Type": "Ground"
      },
      {
        "Id": 2,
        "Position": {
          "X": 0,
          "Y": 1
        },
        "Type": "Ground"
      },
      {
        "Id": 3,
        "Position": {
          "X": 0,
          "Y": 2
        },
        "Type": "Ground"
      },
      {
        "Id": 4,
        "Position": {
          "X": 0,
          "Y": 3
        },
        "Type": "Ground"
      },
      {
        "Id": 5,
        "Position": {
          "X": 0,
          "Y": 4
        },
        "Type": "Ground"
      },
      {
        "Id": 6,
        "Position": {
          "X": 0,
          "Y": 5
        },
        "Type": "Ground"
      },
      {
        "Id": 7,
        "Position": {
          "X": 0,
          "Y": 6
        },
        "Type": "Ground"
      },
      {
        "Id": 8,
        "Position": {
          "X": 0,
          "Y": 7
        },
        "Type": "Ground"
      },
      {
        "Id": 9,
        "Position": {
          "X": 0,
          "Y": 8
        },
        "Type": "Ground"
      },
      {
        "Id": 10,
        "Position": {
          "X": 0,
          "Y": 9
        },
        "Type": "Ground"
      },
      {
        "Id": 11,
        "Position": {
          "X": 1,
          "Y": 0
        },
        "Type": "Ground"
      },
      {
        "Id": 12,
        "Position": {
          "X": 1,
          "Y": 1
        },
        "Type": "Ground"
      },
      {
        "Id": 13,
        "Position": {
          "X": 1,
          "Y": 2
        },
        "Type": "Ground"
      },
      {
        "Id": 14,
        "Position": {
          "X": 1,
          "Y": 3
        },
        "Type": "Ground"
      },
      {
        "Id": 15,
        "Position": {
          "X": 1,
          "Y": 4
        },
        "Type": "Ground"
      },
      {
        "Id": 16,
        "Position": {
          "X": 1,
          "Y": 5
        },
        "Type": "Ground"
      },
      {
        "Id": 17,
        "Position": {
          "X": 1,
          "Y": 6
        },
        "Type": "Ground"
      },
      {
        "Id": 18,
        "Position": {
          "X": 1,
          "Y": 7
        },
        "Type": "Ground"
      },
      {
        "Id": 19,
        "Position": {
          "X": 1,
          "Y": 8
        },
        "Type": "Ground"
      },
      {
        "Id": 20,
        "Position": {
          "X": 1,
          "Y": 9
        },
        "Type": "Ground"
      },
      {
        "Id": 21,
        "Position": {
          "X": 2,
          "Y": 0
        },
        "Type": "Ground"
      },
      {
        "Id": 22,
        "Position": {
          "X": 2,
          "Y": 1
        },
        "Type": "Ground"
      },
      {
        "Id": 23,
        "Position": {
          "X": 2,
          "Y": 2
        },
        "Type": "Ground"
      },
      {
        "Id": 24,
        "Position": {
          "X": 2,
          "Y": 3
        },
        "Type": "Ground"
      },
      {
        "Id": 25,
        "Position": {
          "X": 2,
          "Y": 4
        },
        "Type": "Ground"
      },
      {
        "Id": 26,
        "Position": {
          "X": 2,
          "Y": 5
        },
        "Type": "Ground"
      },
      {
        "Id": 27,
        "Position": {
          "X": 2,
          "Y": 6
        },
        "Type": "Ground"
      },
      {
        "Id": 28,
        "Position": {
          "X": 2,
          "Y": 7
        },
        "Type": "Ground"
      },
      {
        "Id": 29,
        "Position": {
          "X": 2,
          "Y": 8
        },
        "Type": "Ground"
      },
      {
        "Id": 30,
        "Position": {
          "X": 2,
          "Y": 9
        },
        "Type": "Ground"
      },
      {
        "Id": 31,
        "Position": {
          "X": 3,
          "Y": 0
        },
        "Type": "Ground"
      },
      {
        "Id": 32,
        "Position": {
          "X": 3,
          "Y": 1
        },
        "Type": "Ground"
      },
      {
        "Id": 33,
        "Position": {
          "X": 3,
          "Y": 2
        },
        "Type": "Ground"
      },
      {
        "Id": 34,
        "Position": {
          "X": 3,
          "Y": 3
        },
        "Type": "Ground"
      },
      {
        "Id": 35,
        "Position": {
          "X": 3,
          "Y": 4
        },
        "Type": "Ground"
      },
      {
        "Id": 36,
        "Position": {
          "X": 3,
          "Y": 5
        },
        "Type": "Ground"
      },
      {
        "Id": 37,
        "Position": {
          "X": 3,
          "Y": 6
        },
        "Type": "Ground"
      },
      {
        "Id": 38,
        "Position": {
          "X": 3,
          "Y": 7
        },
        "Type": "Ground"
      },
      {
        "Id": 39,
        "Position": {
          "X": 3,
          "Y": 8
        },
        "Type": "Ground"
      },
      {
        "Id": 40,
        "Position": {
          "X": 3,
          "Y": 9
        },
        "Type": "Ground"
      },
      {
        "Id": 41,
        "Position": {
          "X": 4,
          "Y": 0
        },
        "Type": "Ground"
      },
      {
        "Id": 42,
        "Position": {
          "X": 4,
          "Y": 1
        },
        "Type": "Ground"
      },
      {
        "Id": 43,
        "Position": {
          "X": 4,
          "Y": 2
        },
        "Type": "Ground"
      },
      {
        "Id": 44,
        "Position": {
          "X": 4,
          "Y": 3
        },
        "Type": "Ground"
      },
      {
        "Id": 45,
        "Position": {
          "X": 4,
          "Y": 4
        },
        "Type": "Ground"
      },
      {
        "Id": 46,
        "Position": {
          "X": 4,
          "Y": 5
        },
        "Type": "Ground"
      },
      {
        "Id": 47,
        "Position": {
          "X": 4,
          "Y": 6
        },
        "Type": "Ground"
      },
      {
        "Id": 48,
        "Position": {
          "X": 4,
          "Y": 7
        },
        "Type": "Ground"
      },
      {
        "Id": 49,
        "Position": {
          "X": 4,
          "Y": 8
        },
        "Type": "Ground"
      },
      {
        "Id": 50,
        "Position": {
          "X": 4,
          "Y": 9
        },
        "Type": "Ground"
      },
      {
        "Id": 51,
        "Position": {
          "X": 5,
          "Y": 0
        },
        "Type": "Ground"
      },
      {
        "Id": 52,
        "Position": {
          "X": 5,
          "Y": 1
        },
        "Type": "Ground"
      },
      {
        "Id": 53,
        "Position": {
          "X": 5,
          "Y": 2
        },
        "Type": "Ground"
      },
      {
        "Id": 54,
        "Position": {
          "X": 5,
          "Y": 3
        },
        "Type": "Ground"
      },
      {
        "Id": 55,
        "Position": {
          "X": 5,
          "Y": 4
        },
        "Type": "Ground"
      },
      {
        "Id": 56,
        "Position": {
          "X": 5,
          "Y": 5
        },
        "Type": "Ground"
      },
      {
        "Id": 57,
        "Position": {
          "X": 5,
          "Y": 6
        },
        "Type": "Ground"
      },
      {
        "Id": 58,
        "Position": {
          "X": 5,
          "Y": 7
        },
        "Type": "Ground"
      },
      {
        "Id": 59,
        "Position": {
          "X": 5,
          "Y": 8
        },
        "Type": "Ground"
      },
      {
        "Id": 60,
        "Position": {
          "X": 5,
          "Y": 9
        },
        "Type": "Ground"
      },
      {
        "Id": 61,
        "Position": {
          "X": 6,
          "Y": 0
        },
        "Type": "Ground"
      },
      {
        "Id": 62,
        "Position": {
          "X": 6,
          "Y": 1
        },
        "Type": "Ground"
      },
      {
        "Id": 63,
        "Position": {
          "X": 6,
          "Y": 2
        },
        "Type": "Ground"
      },
      {
        "Id": 64,
        "Position": {
          "X": 6,
          "Y": 3
        },
        "Type": "Ground"
      },
      {
        "Id": 65,
        "Position": {
          "X": 6,
          "Y": 4
        },
        "Type": "Ground"
      },
      {
        "Id": 66,
        "Position": {
          "X": 6,
          "Y": 5
        },
        "Type": "Ground"
      },
      {
        "Id": 67,
        "Position": {
          "X": 6,
          "Y": 6
        },
        "Type": "Ground"
      },
      {
        "Id": 68,
        "Position": {
          "X": 6,
          "Y": 7
        },
        "Type": "Ground"
      },
      {
        "Id": 69,
        "Position": {
          "X": 6,
          "Y": 8
        },
        "Type": "Ground"
      },
      {
        "Id": 70,
        "Position": {
          "X": 6,
          "Y": 9
        },
        "Type": "Ground"
      },
      {
        "Id": 71,
        "Position": {
          "X": 7,
          "Y": 0
        },
        "Type": "Ground"
      },
      {
        "Id": 72,
        "Position": {
          "X": 7,
          "Y": 1
        },
        "Type": "Ground"
      },
      {
        "Id": 73,
        "Position": {
          "X": 7,
          "Y": 2
        },
        "Type": "Ground"
      },
      {
        "Id": 74,
        "Position": {
          "X": 7,
          "Y": 3
        },
        "Type": "Ground"
      },
      {
        "Id": 75,
        "Position": {
          "X": 7,
          "Y": 4
        },
        "Type": "Ground"
      },
      {
        "Id": 76,
        "Position": {
          "X": 7,
          "Y": 5
        },
        "Type": "Ground"
      },
      {
        "Id": 77,
        "Position": {
          "X": 7,
          "Y": 6
        },
        "Type": "Ground"
      },
      {
        "Id": 78,
        "Position": {
          "X": 7,
          "Y": 7
        },
        "Type": "Ground"
      },
      {
        "Id": 79,
        "Position": {
          "X": 7,
          "Y": 8
        },
        "Type": "Ground"
      },
      {
        "Id": 80,
        "Position": {
          "X": 7,
          "Y": 9
        },
        "Type": "Ground"
      },
      {
        "Id": 81,
        "Position": {
          "X": 8,
          "Y": 0
        },
        "Type": "Ground"
      },
      {
        "Id": 82,
        "Position": {
          "X": 8,
          "Y": 1
        },
        "Type": "Ground"
      },
      {
        "Id": 83,
        "Position": {
          "X": 8,
          "Y": 2
        },
        "Type": "Ground"
      },
      {
        "Id": 84,
        "Position": {
          "X": 8,
          "Y": 3
        },
        "Type": "Ground"
      },
      {
        "Id": 85,
        "Position": {
          "X": 8,
          "Y": 4
        },
        "Type": "Ground"
      },
      {
        "Id": 86,
        "Position": {
          "X": 8,
          "Y": 5
        },
        "Type": "Ground"
      },
      {
        "Id": 87,
        "Position": {
          "X": 8,
          "Y": 6
        },
        "Type": "Ground"
      },
      {
        "Id": 88,
        "Position": {
          "X": 8,
          "Y": 7
        },
        "Type": "Ground"
      },
      {
        "Id": 89,
        "Position": {
          "X": 8,
          "Y": 8
        },
        "Type": "Ground"
      },
      {
        "Id": 90,
        "Position": {
          "X": 8,
          "Y": 9
        },
        "Type": "Ground"
      },
      {
        "Id": 91,
        "Position": {
          "X": 9,
          "Y": 0
        },
        "Type": "Ground"
      },
      {
        "Id": 92,
        "Position": {
          "X": 9,
          "Y": 1
        },
        "Type": "Ground"
      },
      {
        "Id": 93,
        "Position": {
          "X": 9,
          "Y": 2
        },
        "Type": "Ground"
      },
      {
        "Id": 94,
        "Position": {
          "X": 9,
          "Y": 3
        },
        "Type": "Ground"
      },
      {
        "Id": 95,
        "Position": {
          "X": 9,
          "Y": 4
        },
        "Type": "Ground"
      },
      {
        "Id": 96,
        "Position": {
          "X": 9,
          "Y": 5
        },
        "Type": "Ground"
      },
      {
        "Id": 97,
        "Position": {
          "X": 9,
          "Y": 6
        },
        "Type": "Ground"
      },
      {
        "Id": 98,
        "Position": {
          "X": 9,
          "Y": 7
        },
        "Type": "Ground"
      },
      {
        "Id": 99,
        "Position": {
          "X": 9,
          "Y": 8
        },
        "Type": "Ground"
      },
      {
        "Id": 100,
        "Position": {
          "X": 9,
          "Y": 9
        },
        "Type": "Ground"
      },
      {
        "Id": 101,
        "Position": {
          "X": 10,
          "Y": 0
        },
        "Type": "Ground"
      },
      {
        "Id": 102,
        "Position": {
          "X": 10,
          "Y": 1
        },
        "Type": "Ground"
      },
      {
        "Id": 103,
        "Position": {
          "X": 10,
          "Y": 2
        },
        "Type": "Ground"
      },
      {
        "Id": 104,
        "Position": {
          "X": 10,
          "Y": 3
        },
        "Type": "Ground"
      },
      {
        "Id": 105,
        "Position": {
          "X": 10,
          "Y": 4
        },
        "Type": "Ground"
      },
      {
        "Id": 106,
        "Position": {
          "X": 10,
          "Y": 5
        },
        "Type": "Ground"
      },
      {
        "Id": 107,
        "Position": {
          "X": 10,
          "Y": 6
        },
        "Type": "Ground"
      },
      {
        "Id": 108,
        "Position": {
          "X": 10,
          "Y": 7
        },
        "Type": "Ground"
      },
      {
        "Id": 109,
        "Position": {
          "X": 10,
          "Y": 8
        },
        "Type": "Ground"
      },
      {
        "Id": 110,
        "Position": {
          "X": 10,
          "Y": 9
        },
        "Type": "Ground"
      },
      {
        "Id": 111,
        "Position": {
          "X": 11,
          "Y": 0
        },
        "Type": "Ground"
      },
      {
        "Id": 112,
        "Position": {
          "X": 11,
          "Y": 1
        },
        "Type": "Ground"
      },
      {
        "Id": 113,
        "Position": {
          "X": 11,
          "Y": 2
        },
        "Type": "Ground"
      },
      {
        "Id": 114,
        "Position": {
          "X": 11,
          "Y": 3
        },
        "Type": "Ground"
      },
      {
        "Id": 115,
        "Position": {
          "X": 11,
          "Y": 4
        },
        "Type": "Ground"
      },
      {
        "Id": 116,
        "Position": {
          "X": 11,
          "Y": 5
        },
        "Type": "Ground"
      },
      {
        "Id": 117,
        "Position": {
          "X": 11,
          "Y": 6
        },
        "Type": "Ground"
      },
      {
        "Id": 118,
        "Position": {
          "X": 11,
          "Y": 7
        },
        "Type": "Ground"
      },
      {
        "Id": 119,
        "Position": {
          "X": 11,
          "Y": 8
        },
        "Type": "Ground"
      },
      {
        "Id": 120,
        "Position": {
          "X": 11,
          "Y": 9
        },
        "Type": "Ground"
      },
      {
        "Id": 121,
        "Position": {
          "X": 12,
          "Y": 0
        },
        "Type": "Ground"
      },
      {
        "Id": 122,
        "Position": {
          "X": 12,
          "Y": 1
        },
        "Type": "Ground"
      },
      {
        "Id": 123,
        "Position": {
          "X": 12,
          "Y": 2
        },
        "Type": "Ground"
      },
      {
        "Id": 124,
        "Position": {
          "X": 12,
          "Y": 3
        },
        "Type": "Ground"
      },
      {
        "Id": 125,
        "Position": {
          "X": 12,
          "Y": 4
        },
        "Type": "Ground"
      },
      {
        "Id": 126,
        "Position": {
          "X": 12,
          "Y": 5
        },
        "Type": "Ground"
      },
      {
        "Id": 127,
        "Position": {
          "X": 12,
          "Y": 6
        },
        "Type": "Ground"
      },
      {
        "Id": 128,
        "Position": {
          "X": 12,
          "Y": 7
        },
        "Type": "Ground"
      },
      {
        "Id": 129,
        "Position": {
          "X": 12,
          "Y": 8
        },
        "Type": "Ground"
      },
      {
        "Id": 130,
        "Position": {
          "X": 12,
          "Y": 9
        },
        "Type": "Ground"
      },
      {
        "Id": 131,
        "Position": {
          "X": 13,
          "Y": 0
        },
        "Type": "Ground"
      },
      {
        "Id": 132,
        "Position": {
          "X": 13,
          "Y": 1
        },
        "Type": "Ground"
      },
      {
        "Id": 133,
        "Position": {
          "X": 13,
          "Y": 2
        },
        "Type": "Ground"
      },
      {
        "Id": 134,
        "Position": {
          "X": 13,
          "Y": 3
        },
        "Type": "Ground"
      },
      {
        "Id": 135,
        "Position": {
          "X": 13,
          "Y": 4
        },
        "Type": "Ground"
      },
      {
        "Id": 136,
        "Position": {
          "X": 13,
          "Y": 5
        },
        "Type": "Ground"
      },
      {
        "Id": 137,
        "Position": {
          "X": 13,
          "Y": 6
        },
        "Type": "Ground"
      },
      {
        "Id": 138,
        "Position": {
          "X": 13,
          "Y": 7
        },
        "Type": "Ground"
      },
      {
        "Id": 139,
        "Position": {
          "X": 13,
          "Y": 8
        },
        "Type": "Ground"
      },
      {
        "Id": 140,
        "Position": {
          "X": 13,
          "Y": 9
        },
        "Type": "Ground"
      },
      {
        "Id": 141,
        "Position": {
          "X": 14,
          "Y": 0
        },
        "Type": "Ground"
      },
      {
        "Id": 142,
        "Position": {
          "X": 14,
          "Y": 1
        },
        "Type": "Ground"
      },
      {
        "Id": 143,
        "Position": {
          "X": 14,
          "Y": 2
        },
        "Type": "Ground"
      },
      {
        "Id": 144,
        "Position": {
          "X": 14,
          "Y": 3
        },
        "Type": "Ground"
      },
      {
        "Id": 145,
        "Position": {
          "X": 14,
          "Y": 4
        },
        "Type": "Ground"
      },
      {
        "Id": 146,
        "Position": {
          "X": 14,
          "Y": 5
        },
        "Type": "Ground"
      },
      {
        "Id": 147,
        "Position": {
          "X": 14,
          "Y": 6
        },
        "Type": "Ground"
      },
      {
        "Id": 148,
        "Position": {
          "X": 14,
          "Y": 7
        },
        "Type": "Ground"
      },
      {
        "Id": 149,
        "Position": {
          "X": 14,
          "Y": 8
        },
        "Type": "Ground"
      },
      {
        "Id": 150,
        "Position": {
          "X": 14,
          "Y": 9
        },
        "Type": "Ground"
      },
      {
        "Id": 151,
        "Position": {
          "X": 1,
          "Y": 1
        },
        "Type": "Origin",
        "TeamId": "TEAM_1"
      },
      {
        "Id": 153,
        "Position": {
          "X": 13,
          "Y": 8
        },
        "Type": "Origin",
        "TeamId": "TEAM_2"
      },
      {
        "Id": 154,
        "Position": {
          "X": 4,
          "Y": 3
        },
        "Type": "Void"
      },
      {
        "Id": 155,
        "Position": {
          "X": 5,
          "Y": 2
        },
        "Type": "Void"
      },
      {
        "Id": 156,
        "Position": {
          "X": 5,
          "Y": 1
        },
        "Type": "Void"
      },
      {
        "Id": 157,
        "Position": {
          "X": 4,
          "Y": 0
        },
        "Type": "Void"
      },
      {
        "Id": 159,
        "Position": {
          "X": 10,
          "Y": 9
        },
        "Type": "Void"
      },
      {
        "Id": 160,
        "Position": {
          "X": 9,
          "Y": 8
        },
        "Type": "Void"
      },
      {
        "Id": 161,
        "Position": {
          "X": 9,
          "Y": 7
        },
        "Type": "Void"
      },
      {
        "Id": 162,
        "Position": {
          "X": 10,
          "Y": 6
        },
        "Type": "Void"
      },
      {
        "Id": 163,
        "Position": {
          "X": 5,
          "Y": 4
        },
        "Type": "Void"
      },
      {
        "Id": 164,
        "Position": {
          "X": 9,
          "Y": 5
        },
        "Type": "Void"
      },
      {
        "Id": 165,
        "Position": {
          "X": 1,
          "Y": 2
        },
        "Type": "Connector"
      },
      {
        "Id": 166,
        "Position": {
          "X": 2,
          "Y": 1
        },
        "Type": "Connector"
      },
      {
        "Id": 167,
        "Position": {
          "X": 12,
          "Y": 8
        },
        "Type": "Connector"
      },
      {
        "Id": 168,
        "Position": {
          "X": 13,
          "Y": 7
        },
        "Type": "Connector"
      },
      {
        "Id": 169,
        "Position": {
          "X": 5,
          "Y": 5
        },
        "Type": "Connector"
      },
      {
        "Id": 170,
        "Position": {
          "X": 9,
          "Y": 4
        },
        "Type": "Connector"
      },
      {
        "Id": 171,
        "Position": {
          "X": 6,
          "Y": 6
        },
        "Type": "Connector"
      },
      {
        "Id": 172,
        "Position": {
          "X": 8,
          "Y": 3
        },
        "Type": "Connector"
      },
      {
        "Id": 174,
        "Position": {
          "X": 2,
          "Y": 0
        },
        "Type": "Compute"
      },
      {
        "Id": 175,
        "Position": {
          "X": 12,
          "Y": 9
        },
        "Type": "Compute"
      },
      {
        "Id": 176,
        "Position": {
          "X": 5,
          "Y": 6
        },
        "Type": "Generator"
      },
      {
        "Id": 177,
        "Position": {
          "X": 9,
          "Y": 3
        },
        "Type": "Generator"
      },
      {
        "Id": 178,
        "Position": {
          "X": 13,
          "Y": 1
        },
        "Type": "Generator"
      },
      {
        "Id": 179,
        "Position": {
          "X": 1,
          "Y": 8
        },
        "Type": "Generator"
      },
      {
        "Id": 180,
        "Position": {
          "X": 2,
          "Y": 8
        },
        "Type": "Connector"
      },
      {
        "Id": 186,
        "Position": {
          "X": 12,
          "Y": 1
        },
        "Type": "Connector"
      },
      {
        "Id": 187,
        "Position": {
          "X": 12,
          "Y": 2
        },
        "Type": "Compute"
      },
      {
        "Id": 188,
        "Position": {
          "X": 2,
          "Y": 7
        },
        "Type": "Compute"
      }
    ],
    "Stats": {
      "Battle": {
        "TotalEntitesCreated": 0,
        "TotalEntitiesDestroyed": 0
      },
      "TEAM_1": {
        "EntitiesPurchased": 0,
        "EntitiesLost": 0,
        "TotalDamageDone": 0.0,
        "TotalDamageTaken": 0.0,
        "NumberOfCaptures": 0,
        "IncomePool": []
      },
      "TEAM_2": {
        "EntitiesPurchased": 0,
        "EntitiesLost": 0,
        "TotalDamageDone": 0.0,
        "TotalDamageTaken": 0.0,
        "NumberOfCaptures": 0,
        "IncomePool": []
      },
      "TEAM_UNDEFINED": {
        "EntitiesPurchased": 0,
        "EntitiesLost": 0,
        "TotalDamageDone": 0.0,
        "TotalDamageTaken": 0.0,
        "NumberOfCaptures": 0,
        "IncomePool": []
      },
      "TeamConfig": {}
    },
    "Triggers": [
      {
        "Conditions": [
          {
            "Type": "TEAM_REMAINING_ENTITIES",
            "TeamId": "TEAM_1",
            "EntityTagFilter": "Unit"
          }
        ],
        "Actions": [
          {
            "Type": "TEAM_VICTORY",
            "TeamId": "TEAM_2"
          }
        ]
      },
      {
        "Conditions": [
          {
            "Type": "TEAM_REMAINING_ENTITIES",
            "TeamId": "TEAM_2",
            "EntityTagFilter": "Unit"
          }
        ],
        "Actions": [
          {
            "Type": "TEAM_VICTORY",
            "TeamId": "TEAM_1"
          }
        ]
      }
    ],
    "Networks": {
      "Networks": [
        {
          "MoneyManager": {
            "moneyPool": []
          },
          "EntityIds": [
            151
          ],
          "TeamId": "TEAM_1",
          "TeamNetwork": false,
          "IsAlive": true
        },
        {
          "MoneyManager": {
            "moneyPool": []
          },
          "EntityIds": [],
          "TeamId": "TEAM_1",
          "TeamNetwork": false,
          "IsAlive": false
        },
        {
          "MoneyManager": {
            "moneyPool": []
          },
          "EntityIds": [
            153
          ],
          "TeamId": "TEAM_2",
          "TeamNetwork": false,
          "IsAlive": true
        }
      ],
      "TeamsNetwork": {},
      "TeamIncomeApplied": false
    },
    "Environment": {
      "MAP_CONFIG_DEFAULTS_FILE": "config/hacktics/version1/maps/map_defaults.json",
      "ENTITY_TYPE_CONFIG_FOLDER": "config/hacktics/version1/entities/types",
      "ENTITY_TAG_CONFIG_FOLDER": "config/hacktics/version1/entities/tags",
      "ENTITY_DEFAULTS_FILE": "globals/entityDefaults.json",
      "AI_CONFIG_FILE": "config/hacktics/version1/ai/aiConfig.json",
      "AI_CONFIG_DEFAULTS_FILE": "globals/aiConfigDefaults.json",
      "GAME_CONFIG_FILE": "globals/gameConfig.json",
      "GAME_CONFIG_FILE_OVERRIDE": "",
      "SAVE_FILE": "",
      "MAP_SET_KEY": "hacktics/version1",
      "SAVES_DIRECTORY": "config/hacktics/version1/maps/saves",
      "CUSTOM_MAPS_DIRECTORY": "config/hacktics/version1/maps/custom_maps"
    }
  } 