{
    "Profiles": {
        "Standard": {
            "Description": "The standard profile",
            "Values": {
                "Modules": {
                    "Attack": {
                    },
                    "Capture": {
                    },
                    "Defence": {},
                    "Purchase": {
                    }
                }
            },
            "EntityOverrides": {
                "FunnyEntity": {
                    "Modules": {
                        "Attack": {}
                    }
                }
            }
        }
    }
}